text,link
케이스스터디 온라인 응모 05월 04일 16:00 마감,https://www.luck-d.com/release-raffle/detail/dunk-low-black-white/
FOOT PATROL 온라인 응모 05월 06일 16:00 마감,https://www.luck-d.com/release-raffle/detail/nike-dunk-low-banana/
SIZE? 온라인 응모 05월 04일 23:00 마감,https://www.luck-d.com/release-raffle/detail/nike-dunk-low-coconut-milk/
SIZE? 온라인 응모 05월 04일 23:00 마감,https://www.luck-d.com/release-raffle/detail/nike-dunk-low-prm-vast-grey/
SIZE? 온라인 응모 05월 06일 16:00 마감,https://www.luck-d.com/release-raffle/detail/nike-dunk-low-banana/
ABC 그랜드스테이지 온라인 응모 05월 04일 23:59 마감,https://www.luck-d.com/release-raffle/detail/nike-air-force-1-07-athletic-club-black/
ABC 그랜드스테이지 온라인 응모 05월 04일 23:59 마감,https://www.luck-d.com/release-raffle/detail/nike-air-force-1-07-athletic-club-black-gs/
나이키 현대 온라인 응모 05월 04일 18:00 마감,https://www.luck-d.com/release-raffle/detail/dunk-low-black-white-ps/
나이키 현대 온라인 응모 05월 04일 18:00 마감,https://www.luck-d.com/release-raffle/detail/dunk-low-black-white-wmns/
나이키 현대 온라인 응모 05월 04일 18:00 마감,https://www.luck-d.com/release-raffle/detail/dunk-low-black-white/
SNS US 온라인 응모 05월 04일 17:00 마감,https://www.luck-d.com/release-raffle/detail/dunk-low-black-white-wmns/
SNS US 온라인 응모 05월 04일 17:00 마감,https://www.luck-d.com/release-raffle/detail/nike-dunk-high-black-white-panda/
나이키 코리아 온라인 선착순 05월 06일 10:00 발매,https://www.luck-d.com/release-raffle/detail/nike-dunk-low-avocado/
나이키 코리아 온라인 선착순 05월 06일 10:00 발매,https://www.luck-d.com/release-raffle/detail/nike-air-force-1-low-sun-club-sail-gold-gs/
나이키 코리아 온라인 선착순 05월 06일 10:00 발매,https://www.luck-d.com/release-raffle/detail/nike-air-force-1-mid-sun-club-sail-gold/
나이키 코리아 온라인 선착순 05월 06일 10:00 발매,https://www.luck-d.com/release-raffle/detail/nike-dunk-low-vivid-green-gs/
나이키 코리아 온라인 선착순 05월 07일 10:00 발매,https://www.luck-d.com/release-raffle/detail/nike-air-force-1-mid-our-force-1/
나이키 코리아 온라인 선착순 05월 07일 10:00 발매,https://www.luck-d.com/release-raffle/detail/nike-air-force-1-low-snakeskin/
나이키 코리아 온라인 선착순 05월 08일 10:00 발매,https://www.luck-d.com/release-raffle/detail/nike-dunk-low-copy-paste/
나이키 코리아 온라인 선착순 05월 08일 10:00 발매,https://www.luck-d.com/release-raffle/detail/nike-air-force-1-low-pale-vanilla/
나이키 코리아 온라인 선착순 05월 10일 10:00 발매,https://www.luck-d.com/release-raffle/detail/hello-kitty-x-nike-air-presto/
나이키 코리아 온라인 선착순 05월 10일 10:00 발매,https://www.luck-d.com/release-raffle/detail/hello-kitty-x-nike-air-presto-ps/
나이키 코리아 온라인 선착순 05월 10일 10:00 발매,https://www.luck-d.com/release-raffle/detail/hello-kitty-x-nike-air-presto-td/
나이키 코리아 온라인 선착순 05월 10일 10:00 발매,https://www.luck-d.com/release-raffle/detail/hello-kitty-x-nike-pant/
나이키 코리아 온라인 선착순 05월 10일 10:00 발매,https://www.luck-d.com/release-raffle/detail/hello-kitty-x-nike-hoodie/
나이키 코리아 온라인 선착순 05월 10일 10:00 발매,https://www.luck-d.com/release-raffle/detail/hello-kitty-x-nike-air-tee/
FOOT PATROL 온라인 응모 05월 04일 16:00 마감,https://www.luck-d.com/release-raffle/detail/nike-air-jordan-1-high-zoom-cmft-breakfast-club/
END CLOTHING 온라인 응모 05월 04일 16:00 마감,https://www.luck-d.com/release-raffle/detail/nike-dunk-low-rose-whisper-wmns/
케이스스터디 온라인 응모 05월 04일 16:00 마감,https://www.luck-d.com/release-raffle/detail/dunk-low-black-white/
SNS US 온라인 응모 05월 04일 17:00 마감,https://www.luck-d.com/release-raffle/detail/nike-dunk-high-black-white-panda/
SNS US 온라인 응모 05월 04일 17:00 마감,https://www.luck-d.com/release-raffle/detail/dunk-low-black-white-wmns/
SLAM JAM 온라인 응모 05월 04일 17:00 마감,https://www.luck-d.com/release-raffle/detail/nike-air-jordan-1-mid-berry-pink-mwns/
나이키 현대 온라인 응모 05월 04일 18:00 마감,https://www.luck-d.com/release-raffle/detail/dunk-low-black-white/
나이키 현대 온라인 응모 05월 04일 18:00 마감,https://www.luck-d.com/release-raffle/detail/dunk-low-black-white-ps/
나이키 현대 온라인 응모 05월 04일 18:00 마감,https://www.luck-d.com/release-raffle/detail/dunk-low-black-white-wmns/
SOTF 온라인 응모 05월 04일 21:50 마감,https://www.luck-d.com/release-raffle/detail/nike-dunk-low-banana/
SVD 온라인 응모 05월 04일 마감,https://www.luck-d.com/release-raffle/detail/nike-air-jordan-1-high-zoom-cmft-breakfast-club/
SIZE? 온라인 응모 05월 04일 23:00 마감,https://www.luck-d.com/release-raffle/detail/nike-dunk-low-coconut-milk/
SIZE? 온라인 응모 05월 04일 23:00 마감,https://www.luck-d.com/release-raffle/detail/nike-dunk-low-prm-vast-grey/
SVD 온라인 응모 05월 04일 마감,https://www.luck-d.com/release-raffle/detail/nike-dunk-low-banana/
ABC 그랜드스테이지 온라인 응모 05월 04일 23:59 마감,https://www.luck-d.com/release-raffle/detail/nike-air-force-1-07-athletic-club-black/
ABC 그랜드스테이지 온라인 응모 05월 04일 23:59 마감,https://www.luck-d.com/release-raffle/detail/nike-air-force-1-07-athletic-club-black-gs/
FOOT PATROL 온라인 응모 05월 05일 16:00 마감,https://www.luck-d.com/release-raffle/detail/union-x-nike-air-jordan-2-mid-grey-fog/
FOOT PATROL 온라인 응모 05월 05일 16:00 마감,https://www.luck-d.com/release-raffle/detail/nike-air-jordan-1-ko-rush-orange/
SLAM JAM 온라인 응모 05월 05일 17:00 마감,https://www.luck-d.com/release-raffle/detail/nike-air-jordan-1-mid-dark-teal-green-wmns/
SNS EU 온라인 응모 05월 05일 17:00 마감,https://www.luck-d.com/release-raffle/detail/nike-air-jordan-1-ko-rush-orange/
럭키드로우 온라인 응모 05월 05일 20:00 마감,https://www.luck-d.com/release-raffle/detail/nike-dunk-low-black-white-family-pack/
SVD 온라인 응모 05월 05일 마감,https://www.luck-d.com/release-raffle/detail/nike-air-jordan-1-ko-rush-orange/
NOIR FONCE 온라인 응모 05월 05일 마감,https://www.luck-d.com/release-raffle/detail/nike-dunk-low-banana/
A MA MANIERE 온라인 응모 05월 05일 23:00 마감,https://www.luck-d.com/release-raffle/detail/a-ma-maniere-x-nike-air-jordan-2/
4ELEMENTOS 온라인 응모 05월 06일 09:00 마감,https://www.luck-d.com/release-raffle/detail/nike-dunk-low-sun-club-sail/
나이키 코리아 온라인 응모 05월 06일 11:30 마감,https://www.luck-d.com/release-raffle/detail/nike-dunk-low-sun-club/
END CLOTHING 온라인 응모 05월 06일 16:00 마감,https://www.luck-d.com/release-raffle/detail/nike-air-jordan-1-ko-rush-orange/
FOOT PATROL 온라인 응모 05월 06일 16:00 마감,https://www.luck-d.com/release-raffle/detail/nike-dunk-low-banana/
SIZE? 온라인 응모 05월 06일 16:00 마감,https://www.luck-d.com/release-raffle/detail/nike-dunk-low-banana/
SIZE? 온라인 응모 05월 06일 16:00 마감,https://www.luck-d.com/release-raffle/detail/nike-sb-dunk-low-bart-simpson/
ONE BLOCK DOWN 온라인 응모 05월 06일 16:00 마감,https://www.luck-d.com/release-raffle/detail/nike-air-jordan-1-ko-rush-orange/
END CLOTHING 온라인 응모 05월 06일 16:00 마감,https://www.luck-d.com/release-raffle/detail/nike-dunk-low-avocado/
FOOT PATROL 온라인 응모 05월 06일 16:00 마감,https://www.luck-d.com/release-raffle/detail/nike-air-jordan-1-high-og-stash/
SVD 온라인 응모 05월 06일 마감,https://www.luck-d.com/release-raffle/detail/nike-air-jordan-1-high-og-stash/
나이키 코리아 온라인 응모 05월 07일 12:00 마감,https://www.luck-d.com/release-raffle/detail/nike-dunk-low-light-smoke-grey-wmns/
나이키 코리아 온라인 응모 05월 07일 12:00 마감,https://www.luck-d.com/release-raffle/detail/nike-dunk-low-barley-paisley/
SIZE? 온라인 응모 05월 07일 16:00 마감,https://www.luck-d.com/release-raffle/detail/nike-air-jordan-1-low-tropical-teal-wmns/
ONE BLOCK DOWN 온라인 응모 05월 07일 16:00 마감,https://www.luck-d.com/release-raffle/detail/nike-air-jordan-1-high-og-stash/
FOOT DISTRICT 온라인 응모 05월 08일 08:45 마감,https://www.luck-d.com/release-raffle/detail/nike-air-jordan-1-low-tropical-teal-wmns/
SVD 온라인 응모 05월 09일 마감,https://www.luck-d.com/release-raffle/detail/nike-air-jordan-1-mid-inside-out/
SVD 온라인 응모 05월 09일 마감,https://www.luck-d.com/release-raffle/detail/nike-air-jordan-1-low-tropical-teal-wmns/
케이스스터디 나이키 덩크 로우 레트로 화이트 블랙 한국 / 매장 수령 / 당첨 문자 발송 응모,
END 나이키 덩크 로우 우먼스 로즈 위스퍼 영국 / 직배 / 당첨 메일 발송 응모,
FOOTPATROL *IN APP 에어 조던 1 줌 컴포트 브렉퍼스트 클럽 프랑스 / 배대지 / 당첨 메일 발송 응모,
SIZE? *IN APP 에어 조던 1 줌 컴포트 브렉퍼스트 클럽 영국 / 직배 / 당첨 메일 발송 응모,
현대백화점 나이키 덩크 로우 우먼스 화이트 블랙 한국 / 매장 수령 / 당첨 문자 발송 응모,
현대백화점 나이키 덩크 로우 레트로 화이트 블랙 한국 / 매장 수령 / 당첨 문자 발송 응모,
현대백화점 나이키 덩크 로우 화이트 블랙 GS 한국 / 매장 수령 / 당첨 문자 발송 응모,https://www.shoeprize.com/raffles/413
EXTRABUTTER 나이키 덩크 로우 레트로 프리미엄 파슬 로즈 미국 / 직배 / 당첨 메일 발송 응모,https://www.shoeprize.com/raffles/81112
SLAMJAM 에어 조던 1 미드 우먼스 라이트 멀베리 이탈리아 / 직배 / 당첨 메일 발송 응모,https://www.shoeprize.com/raffles/82772
솔드아웃 에어 조던 1 미드 라이트 스모크 그레이 앤트러사이트 한국 / 국내 배송 / 당첨 카톡 발송 / 이벤트 응모,https://www.shoeprize.com/raffles/82772
솔드아웃 에어 조던 1 미드 GS 스모크 그레이 앤트러사이트 한국 / 국내 배송 / 당첨 카톡 발송 / 이벤트 응모,https://www.shoeprize.com/raffles/385
솔드아웃 에어 조던 1 미드 PS 라이트 스모크 그레이 앤트러사이트 한국 / 국내 배송 / 당첨 카톡 발송 / 이벤트 응모,https://www.shoeprize.com/raffles/413
SOTF 나이키 덩크 로우 LX 우먼스 바나나 이탈리아 / 배대지 / 당첨 메일 발송 응모,https://www.shoeprize.com/raffles/434
NIKE US 나이키 덩크 로우 레트로 프리미엄 파슬 로즈 미국 / 배대지 / 당첨 알림 발송 응모,https://www.shoeprize.com/raffles/81270
ABC마트 그랜드스테이지 나이키 에어 포스 1 로우 애슬레틱 클럽 다크 설퍼 한국 / 매장 수령 / 당첨 문자 발송 응모,https://www.shoeprize.com/raffles/80683
ABC마트 그랜드스테이지 나이키 에어 포스 1 로우 GS 애슬레틱 클럽 화이트 한국 / 매장 수령 / 당첨 문자 발송 응모,https://www.shoeprize.com/raffles/78075
ABC마트 그랜드스테이지 나이키 에어 포스 1 로우 GS 애슬레틱 블랙 옐로우 한국 / 매장 수령 / 당첨 문자 발송 응모,https://www.shoeprize.com/raffles/82371
SLAMJAM 나이키 덩크 로우 LX 우먼스 바나나 이탈리아 / 직배 / 당첨 메일 발송 응모,https://www.shoeprize.com/raffles/81804
SLAMJAM 나이키 에어 맥스 1 트리라인 이탈리아 / 직배 / 당첨 메일 발송 응모,https://www.shoeprize.com/raffles/82775
BODEGA 나이키 덩크 로우 SE 우먼스 패치워크 미국 / 직배 / 당첨 메일 발송 종료,https://www.shoeprize.com/raffles/81270
FOOTSHOP 나이키 덩크 로우 LX 우먼스 바나나 체코 / 배대지 / 당첨 메일 발송 종료,https://www.shoeprize.com/raffles/80963
SVD *IN APP 에어 조던 1 줌 컴포트 브렉퍼스트 클럽 스페인 / 배대지 / 당첨 메일 발송 종료,https://www.shoeprize.com/raffles/81181
카시나 나이키 덩크 로우 우먼스 화이트 블랙 한국 / 국내 배송 / 당첨 문자 발송 종료,https://www.shoeprize.com/raffles/80477
ATMOS TOKYO 에어 조던 3 레트로 우먼스 다크 모카 일본 / 배대지 / 당첨 메일 발송 종료,https://www.shoeprize.com/raffles/82775
NIKE JP 나이키 덩크 로우 벨벳 브라운 앤드 블랙 일본 / 배대지 / 당첨 알림 발송 종료,https://www.shoeprize.com/raffles/82406
NIKE JP 나이키 덩크 로우 디스럽트 2 브라운 크록 일본 / 배대지 / 당첨 알림 발송 종료,https://www.shoeprize.com/raffles/80783
나이키 코리아 에어 조던 1 미드 우먼스 레드 화이트 한국 / 국내 배송 / 온라인 선착순 종료,https://www.shoeprize.com/raffles/82775
나이키 코리아 나이키 덩크 로우 넥스트 네이처 세쿼이아 한국 / 국내 배송 / 온라인 선착순 종료,https://www.shoeprize.com/raffles/82772
나이키 코리아 나이키 덩크 로우 레트로 NN 토스티 리프트블루 한국 / 국내 배송 / 온라인 선착순 종료,https://www.shoeprize.com/raffles/385
나이키 코리아 나이키 무브 투 제로 돌 티 한국 / 국내 배송 / 온라인 선착순 종료,https://www.shoeprize.com/raffles/85513
나이키 코리아 나이키 무브 투 제로 앳머스피어 티 한국 / 국내 배송 / 온라인 선착순 종료,https://www.shoeprize.com/raffles/89415
나이키 코리아 나이키 무브 투 제로 오션 큐브 티 한국 / 국내 배송 / 온라인 선착순 종료,https://www.shoeprize.com/raffles/89202
나이키 코리아 나이키 맨즈 해브 어 나이키 데이 티셔츠 네이비 한국 / 국내 배송 / 온라인 선착순 종료,https://www.shoeprize.com/raffles/80879
나이키 코리아 나이키 맨즈 해브 어 나이키 데이 티셔츠 블랙 한국 / 국내 배송 / 온라인 선착순 종료,https://www.shoeprize.com/raffles/58475
JD스포츠 코리아 에어 조던 1 미드 블루 민트 한국 / 국내 배송 / 온라인 선착순 종료,https://www.shoeprize.com/raffles/79060
ABC마트 그랜드스테이지 아식스 FN3-S 젤-카야노 28 앤트러사이트 앤티크 골드 한국 / 국내 배송 / 온라인 선착순 종료,https://www.shoeprize.com/raffles/90153
ABC마트 그랜드스테이지 아식스 FN3-S 젤-카야노 28 스위트 드림 그린 아이즈 한국 / 국내 배송 / 온라인 선착순 종료,https://www.shoeprize.com/raffles/90152
ABC마트 그랜드스테이지 아식스 FN3-S 젤-카야노 28 가고일 포그 한국 / 국내 배송 / 온라인 선착순 종료,https://www.shoeprize.com/raffles/90151
무신사 아식스 FN3-S 젤-카야노 28 스위트 드림 그린 아이즈 한국 / 국내 배송 / 온라인 선착순 종료,https://www.shoeprize.com/raffles/90150
무신사 아식스 FN3-S 젤-카야노 28 앤트러사이트 앤티크 골드 한국 / 국내 배송 / 온라인 선착순 종료,https://www.shoeprize.com/raffles/90149
무신사 아식스 FN3-S 젤-카야노 28 가고일 포그 한국 / 국내 배송 / 온라인 선착순 종료,https://www.shoeprize.com/raffles/81336
아식스 코리아 아식스 FN3-S 젤-카야노 28 스위트 드림 그린 아이즈 한국 / 국내 배송 / 온라인 선착순 종료,https://www.shoeprize.com/raffles/90147
아식스 코리아 아식스 FN3-S 젤-카야노 28 가고일 포그 한국 / 국내 배송 / 온라인 선착순 종료,https://www.shoeprize.com/raffles/90148
아식스 코리아 아식스 FN3-S 젤-카야노 28 앤트러사이트 앤티크 골드 한국 / 국내 배송 / 온라인 선착순 종료,https://www.shoeprize.com/raffles/90146
UNDEFEATED JP 에어 조던 3 레트로 우먼스 다크 모카 일본 / 배대지 / 당첨 메일 발송 종료,https://www.shoeprize.com/raffles/90148
ABC마트 그랜드스테이지 에어 조던 1 로우 우먼스 마리나 블루 한국 / 국내 배송 / 온라인 선착순 선착순,https://www.shoeprize.com/raffles/90147
아디다스 코리아 아디다스 이지 450 설퍼 한국 / 국내 배송 / 온라인 선착순 선착순,https://www.shoeprize.com/raffles/90146
크림 나이키 덩크 로우 레트로 화이트 블랙 한국 / 국내 배송 / 당첨 문자 발송 / 이벤트 응모,https://www.shoeprize.com/raffles/90148
크림 나이키 덩크 로우 우먼스 화이트 블랙 한국 / 국내 배송 / 당첨 문자 발송 / 이벤트 응모,https://www.shoeprize.com/raffles/90146
크림 나이키 덩크 로우 화이트 블랙 GS 한국 / 국내 배송 / 당첨 문자 발송 / 이벤트 응모,https://www.shoeprize.com/raffles/90147
크림 나이키 덩크 로우 화이트 블랙 PS 한국 / 국내 배송 / 당첨 문자 발송 / 이벤트 응모,https://www.shoeprize.com/raffles/85513
솔드아웃 나이키 에어 포스 1 로우 애슬레틱 클럽 다크 설퍼 한국 / 국내 배송 / 당첨 카톡 발송 / 이벤트 응모,https://www.shoeprize.com/raffles/80835
솔드아웃 (PS) 나이키 에어포스 1 LV8 어센틱 클럽 블랙 다크 설퍼 한국 / 국내 배송 / 당첨 카톡 발송 / 이벤트 응모,https://www.shoeprize.com/raffles/81003
솔드아웃 (TD) 나이키 포스 1 LV8 애슬레틱 클럽 블랙 다크 설퍼 한국 / 국내 배송 / 당첨 카톡 발송 / 이벤트 응모,https://www.shoeprize.com/raffles/413
크림 나이키 덩크 로우 PRM 할로윈 한국 / 국내 배송 / 당첨 문자 발송 / 이벤트 응모,https://www.shoeprize.com/raffles/385
크림 나이키 덩크 로우 PRM 할로윈 GS (2021) 한국 / 국내 배송 / 당첨 문자 발송 / 이벤트 응모,https://www.shoeprize.com/raffles/434
크림 나이키 덩크 로우 PRM 할로윈 PS (2021) 한국 / 국내 배송 / 당첨 문자 발송 / 이벤트 응모,https://www.shoeprize.com/raffles/451
크림 나이키 덩크 로우 PRM 할로윈 TD (2021) 한국 / 국내 배송 / 당첨 문자 발송 / 이벤트 응모,https://www.shoeprize.com/raffles/80963
NAKED 나이키 덩크 로우 오션 덴마크 / 배대지 / 당첨 메일 발송 응모,https://www.shoeprize.com/raffles/81770
AFEW-STORE 제레미 스캇 x 아디다스 포럼 하이 윙스 4.0 블랙 독일 / 직배 / 당첨 메일 발송 선착순,https://www.shoeprize.com/raffles/81730
AFEW-STORE 나이키 에어 맥스 1 트리라인 독일 / 직배 / 당첨 메일 발송 선착순,https://www.shoeprize.com/raffles/19910
AFEW-STORE 뉴발란스 550 코트 바스켓 버건디 독일 / 직배 / 당첨 메일 발송 선착순,https://www.shoeprize.com/raffles/78889
ALUMNI 나이키 덩크 로우 레트로 프리미엄 파슬 로즈 미국 / 배대지 / 당첨 메일 발송 응모,https://www.shoeprize.com/raffles/78890
NIKE US 에어 조던 1 미드 GS 브레드 미국 / 배대지 / 온라인 선착순 선착순,https://www.shoeprize.com/raffles/78168
NIKE US 에어 조던 1 로우 GS 스웨터 미국 / 배대지 / 온라인 선착순 선착순,https://www.shoeprize.com/raffles/81619
END 네이버후드 x 클락스 오리지널스 왈라비 부츠 고어텍스 영국 / 직배 / 당첨 메일 발송 응모,https://www.shoeprize.com/raffles/81023
END 네이버후드 x 클락스 오리지널스 데저트 트렉 고어텍스 영국 / 직배 / 당첨 메일 발송 응모,https://www.shoeprize.com/raffles/82406
HANON 네이버후드 x 클락스 오리지널스 왈라비 부츠 고어텍스 영국 / 직배 / 당첨 메일 발송 응모,https://www.shoeprize.com/raffles/81017
HANON 네이버후드 x 클락스 오리지널스 데저트 트렉 고어텍스 영국 / 직배 / 당첨 메일 발송 응모,https://www.shoeprize.com/raffles/81270
"SUPREME JP 슈프림 2022 봄, 여름 컬렉션 11주 차 일본 / 배대지 선착순",https://www.shoeprize.com/raffles/90048
"SUPREME US 슈프림 2022 봄, 여름 컬렉션 11주 차 미국 / 배대지 선착순",https://www.shoeprize.com/raffles/82415
"SUPREME UK 슈프림 2022 봄, 여름 컬렉션 11주 차 영국 / 배대지 선착순",https://www.shoeprize.com/raffles/90160
SUPREME JP 슈프림 x 나이키 에어 줌 플라이트 95 헴프 일본 / 배대지 선착순,https://www.shoeprize.com/raffles/90159
SUPREME JP 슈프림 x 나이키 에어 줌 플라이트 95 블랙 일본 / 배대지 선착순,https://www.shoeprize.com/raffles/90160
SUPREME JP 슈프림 x 나이키 에어 줌 플라이트 95 유니버시티 블루 일본 / 배대지 선착순,https://www.shoeprize.com/raffles/90159
SUPREME US 슈프림 x 나이키 에어 줌 플라이트 95 헴프 미국 / 배대지 선착순,https://www.shoeprize.com/raffles/90161
SUPREME US 슈프림 x 나이키 에어 줌 플라이트 95 블랙 미국 / 배대지 선착순,https://www.shoeprize.com/raffles/90161
SUPREME US 슈프림 x 나이키 에어 줌 플라이트 95 유니버시티 블루 미국 / 배대지 선착순,https://www.shoeprize.com/raffles/90161
SUPREME UK 슈프림 x 나이키 에어 줌 플라이트 95 헴프 영국 / 배대지 선착순,https://www.shoeprize.com/raffles/90164
SUPREME UK 슈프림 x 나이키 에어 줌 플라이트 95 블랙 영국 / 배대지 선착순,https://www.shoeprize.com/raffles/90163
SUPREME UK 슈프림 x 나이키 에어 줌 플라이트 95 유니버시티 블루 영국 / 배대지 선착순,https://www.shoeprize.com/raffles/90162
